image,prediction
test0.png,ибо
test1.png,осталось
test10.png,поле
test100.png,Оптическое
test1000.png,1 класса
test1001.png,г. Упьяновск
test1002.png,На место
test1003.png,поспорт
test1004.png,назначения
test1005.png,отправление
test1006.png,было только
test1007.png,6.10.2017г.
test1008.png,профрочив все сроки
test1009.png,которые для
test101.png,тогда
test1010.png,отправления были
test1011.png,критичны.
test1012.png,Просьба разобраться
test1013.png,в ситуации
test1014.png,30.08.2004
test1015.png,дов обратную
test1016.png,связь
test1017.png,а также
test1018.png,которые были
test1019.png,оплачены за
test102.png,спосод
test1020.png,1 классд
test1021.png,Данные по
test1023.png,Ксерокопия
test1024.png,приложена
test1025.png,выдам обД
test1026.png,заявлению
test1027.png,Контакты для
test1028.png,Ання Сергеевня
test1029.png,7.10.2017г.
test103.png,гурольник
test1030.png,Расписка
test1031.png,10 июня 2016г.
test1032.png,Г. Сонкт-кетербуры
test1033.png,Иванов чевон
test1034.png,15.02.1887г.
test1035.png,рождения
test1036.png,12.10. году
test1037.png,паспорт сения
test1039.png,18.03.2007г.
test104.png,Мнажество
test1040.png,но адрегу
test1041.png,деньки
test1042.png,рублей
test1043.png,18.04.1980.
test1044.png,посеокт серия
test1045.png,зарместрирован
test1046.png,"г. Севоевак,"
test1047.png,деленную сумму
test1048.png,ул. Ленина
test1049.png,вышеуказаньую
test105.png,Касательная
test1050.png,рублей
test1051.png,Иванов И.И.
test1052.png,28.11.11
test1053.png,14 лт
test1054.png,Плоскостоние
test1055.png,обеих
test1056.png,Киров
test1057.png,ноября 2016
test1058.png,в размере 534 000
test1059.png,Васин
test106.png,Рассмотрим
test1060.png,ОВД Юшного
test1061.png,25.06.2005
test1063.png,Логикин Юрий
test1064.png,9404
test1065.png,547815
test1066.png,ОВД р-на
test1067.png,16.08.2004г.
test1068.png,г.Киров
test1069.png,триста тридцать
test107.png,Циректориальное
test1070.png,Шкода фабия
test1071.png,Паспорт
test1072.png,445 тысяч
test1073.png,Три тысячи девяться
test1074.png,Доверенность
test1075.png,паспорт
test1076.png,номер
test1077.png,выдан
test1078.png,отделением
test1079.png,по району
test108.png,Событие
test1080.png,рублей
test1081.png,Москве
test1082.png,код подразделения
test1083.png,проживаю
test1084.png,по адресу
test1085.png,квартира
test1086.png,доверяю полугать
test1087.png,отправления
test1088.png,приходящие
test1089.png,на моё имя
test109.png,любое
test1090.png,по адресу
test1091.png,в качестве задатка
test1092.png,г. Москва
test1093.png,"127572,"
test1094.png,выдан
test1095.png,ОВД района
test1096.png,"г. Мосивы,"
test1097.png,под подразделения
test1098.png,проживающему
test1099.png,по адресу
test11.png,новое
test110.png,вопрос
test1100.png,25.01.2016.
test1101.png,30.09.2013
test1102.png,"сентябрь,"
test1103.png,за автомобиль
test1104.png,12.09.2013
test1105.png,12.09.2013
test1106.png,12.09.2013г.
test1107.png,12.09.2013г.
test1108.png,30.09.2013г
test1109.png,12.09.2013
test111.png,Использование
test1110.png,За период практики
test1111.png,Савченко И.А.
test1115.png,с составленным
test1116.png,Планом
test1117.png,На основе
test1118.png,модели
test1119.png,процесса
test112.png,непустое
test1120.png,определены
test1121.png,существующие
test1122.png,и предложены
test1123.png,методы
test1124.png,отлечно
test1125.png,"автомобила,"
test1126.png,Долинко В.А.
test1127.png,Савченко Н.А.
test1128.png,хорошо
test113.png,Метод:
test1130.png,отлично
test1131.png,Информационная
test1132.png,эндолединамического
test1133.png,описание
test1137.png,на предприятий
test1138.png,параметра
test1139.png,Формирование
test114.png,значения
test1140.png,ембар
test1141.png,аргументам
test1142.png,Выбор технологий
test1143.png,Даскиска.
test1144.png,23 марта 2012г.
test1145.png,г. Саикт. Петердут
test1146.png,Бугрова
test1147.png,сумму в срок
test115.png,кривое
test1150.png,22.07.2010г.
test1152.png,Санкт. Бетертург
test1153.png,пр. Просвещения
test1154.png,поспорт
test1155.png,40 06 у99
test1156.png,выдал
test1158.png,Едо зо моит ходя года
test1159.png,Саикт-Пешертурго
test116.png,Случай
test1160.png,14. 12.2003г
test1161.png,по адресу
test1162.png,Самкт-Покирут
test1163.png,дисьи в сумме
test1164.png,Два
test1165.png,рубяет в счет
test1166.png,стоимости кваржиры
test1167.png,расположиной
test1168.png,адресу
test1169.png,24 июня 2009 г
test117.png,второго
test1170.png,самки - Бемертут
test1171.png,по договору
test1172.png,Претеизий не имею
test1173.png,23.03.2012г.
test1174.png,Бугрово В.2.
test1175.png,Михаилу
test1176.png,04.01.1992г.
test1177.png,16.12.1991г.
test1178.png,по оказанию
test1179.png,промышленным
test118.png,пространство
test1180.png,Иванов
test1181.png,в части увеличения
test1182.png,выпуска продукции
test1183.png,г. Ирхутск
test1184.png,одинадцатого
test1185.png,г. Иркутск
test1186.png,Иванову
test1187.png,Мамедов. РГГ.
test1188.png,Мустафаева Р.М.
test1189.png,Максимов Р. Н
test119.png,любой
test1190.png,Мамедов Д. Х
test1191.png,07042000
test1192.png,Момедова А.э.
test1193.png,Мамедов 7 р
test1194.png,Яхьяева О.А.
test1195.png,"Яхьяев, М я"
test1196.png,Розбекова С. Б.
test1197.png,Абдуилоева С.С.
test1198.png,Натальо
test1199.png,Заявление
test12.png,разрешимо
test120.png,покажам
test1200.png,08.09.167
test1201.png,от услуг
test1202.png,гор Омек
test1203.png,отказываюсь
test1204.png,адвонатов
test1205.png,свои
test1206.png,прошу
test1207.png,Вас изъять дело
test1208.png,кокию
test1209.png,Тночевой
test121.png,измершесть
test1210.png,г. Барнаула
test1211.png,железнодорожного
test1212.png,15 сентября
test1213.png,октябрь
test1214.png,комская обл.
test1215.png,25 октября
test1216.png,Савилова
test1217.png,Абузова
test1218.png,Шатолова
test1219.png,Обласова
test122.png,Вопрос
test1220.png,Нажалья Константиновна
test1221.png,проходила практику
test1222.png,в качестве
test1223.png,классного руководителя
test1224.png,в 6 классе
test1225.png,в броке
test1226.png,летоц
test1227.png,Лицей
test1228.png,г. Барнаула
test1229.png,С первого дня
test123.png,дана
test1230.png,студентке удалось
test1231.png,наладить
test1232.png,доброжелательно-
test1233.png,требовательные
test1234.png,Нажалья
test1235.png,срок
test1236.png,Ивановыхъ
test1237.png,смогла
test1238.png,с детьми
test1239.png,жихологически
test124.png,Сделаем
test1240.png,индивидуально
test1241.png,их
test1242.png,особенности
test1243.png,учитывая
test1244.png,индивидуальные
test1245.png,воздействия
test1246.png,на каждого
test1248.png,члена детского
test1249.png,коллестива
test125.png,применяем
test1250.png,методикой
test1251.png,воспитателеных
test1252.png,умением
test1253.png,использовать
test1254.png,разнообразные
test1255.png,работы
test1256.png,В качестве
test1257.png,студентка
test1258.png,стушкая обл
test1259.png,с учащимися
test126.png,теорема
test1260.png,этические беседы
test1261.png,подготовку
test1262.png,мероприятиям
test1263.png,проверяла
test1264.png,в организации
test1265.png,дежурств
test1266.png,по лицею
test1267.png,в организации
test1268.png,знакомилась
test1269.png,улиможения состорующие
test127.png,плотность
test1270.png,досументации
test1271.png,плассного
test1273.png,планов.
test1274.png,Рекомендую
test1275.png,Заречнева Е. к
test1276.png,Савилова Н.В.
test1277.png,оценкой
test1279.png,для нужд
test128.png,Основные
test1281.png,избирательной
test1282.png,получил
test1283.png,Киселева В. А.
test1284.png,триста тысяч
test1285.png,долларов США
test1286.png,22.03.2006г.
test1287.png,Свистунов А.Г.
test1288.png,г. моска
test1289.png,24.11.1986.
test129.png,свойства
test1290.png,гор. Вороние
test1291.png,Иванова
test1292.png,Сидорову
test1293.png,гор. Челябина
test1294.png,Советская
test1295.png,Прошу вернуть
test1296.png,денежные средства
test1297.png,перечисленные
test1298.png,на номера
test1299.png,яндекс-комелька.
test13.png,15.09.2020
test130.png,деформация
test1302.png,523739
test1303.png,12.08.2012
test1304.png,8800700 8000
test1305.png,Леберенко Н.Н.
test1306.png,выдан
test1307.png,Историю опорации
test1308.png,и детализацию но
test1309.png,ним предоставляю
test131.png,шейка
test1310.png,в распечатанном
test1311.png,виде
test1312.png,в количестве
test1313.png,10 04.2000.
test1314.png,Детализация
test1315.png,но каждому
test1316.png,незаконному
test1317.png,Более
test1318.png,информацию можно
test1319.png,узнать у
test132.png,Линейное
test1320.png,Яндек деньги
test1322.png,Контролер
test1323.png,Столенское
test1324.png,заместитель
test1327.png,г.Пенза
test1328.png,14 ноября 2007г.
test133.png,сходится
test1330.png,в размере
test1333.png,обязательств
test1334.png,в договоре
test1335.png,а именно
test1336.png,02 декабря 1980 г.
test1337.png,(условия поставки)
test1339.png,для зачисления
test134.png,ожиданию
test1340.png,4272 2903 8396 6819
test1341.png,30201810100000000716
test1342.png,30232810481100000009
test1343.png,044525716
test1344.png,Разрав
test1345.png,Товодилысь
test1346.png,27.11.2016г
test1347.png,Г.ВОРОНЕЖ
test1348.png,мне было
test1349.png,в помощении
test135.png,стандартизованные
test1350.png,Избиратольного
test1351.png,в качестве лица
test1352.png,режатраути в печестве
test1353.png,Аналогичные
test1354.png,В соответские
test1355.png,Бандуры Д.В.
test1357.png,Заявление
test1358.png,разведена
test136.png,сходимость
test1360.png,В городе
test1361.png,не управлял
test1364.png,В данный момент
test1365.png,Морозова
test1366.png,Генеральному
test1367.png,Российской
test1368.png,заявление
test1369.png,БЕРЕЗКИН
test137.png,совиндает
test1370.png,08.02.2012г.
test1371.png,мне стало
test1373.png,представителем
test1374.png,на должность
test1375.png,Главы
test1376.png,документы
test1377.png,Гаклева А.М.
test138.png,означает
test1380.png,Березкина
test1381.png,касилиста
test1382.png,На эти декументах
test1383.png,имеется
test1384.png,Дота и
test1386.png,"Кроме того,"
test1387.png,13 явваря 0912
test1388.png,в избирательной
test139.png,суммы
test1390.png,произведина
test1392.png,Брому Вас
test1393.png,08 февраля 2012г.
test1394.png,Заявление
test1395.png,Прошу
test1396.png,должности
test1397.png,государственной
test1398.png,гражданской
test1399.png,службы
test14.png,оператор
test140.png,совокутость
test1400.png,заместителя
test1401.png,министра
test1402.png,просрочкой
test1403.png,финансов
test1404.png,Медведеву Д.А.
test1405.png,Саватючина А. Л.
test1409.png,Заявления.
test141.png,используем
test1411.png,Уманцу О.А.
test1413.png,июля
test1414.png,Желательно
testt1414.png,во время
test1415.png,предположительно
test1416.png,Дополнительно сообще
test1417.png,Доценко С.Н.
test1418.png,В виду
test1419.png,по февраль 2005г
test142.png,дисперсия
test1423.png,котерому
test1424.png,Макарова
test1425.png,не выплачиваю
testt1425.png,алименты
test1426.png,Прилагается
test1428.png,Фомина В.Л
test1429.png,Генеральному директору
test143.png,принцип
test1430.png,от ткача 5 разряда
test1431.png,об образовательных
test1432.png,программах
test1433.png,Л.М. Петровой
test1434.png,Платоновой В.А.
test1435.png,директора
test1438.png,Заявление
test1439.png,должность икженера
test144.png,собака
test1440.png,1 февраля 1965 г.
test1441.png,Заявление
test1442.png,Сидоренко
test1443.png,прошу
test1444.png,Вас расторгнуть
test1445.png,договор
test1446.png,и вернуть деньги
test1447.png,в мае 1942г.
test1448.png,по Полюсу
test1449.png,транспортного
test145.png,порядок
test1450.png,средства
test1451.png,Причина
test1452.png,отказ
test1454.png,26.03.2014
test1455.png,Сидоренко С.В.
test1456.png,трошу разрешения
test1457.png,Заявление
test1458.png,в семы
test1459.png,Коржова С.Н.
test146.png,равномерно
test1460.png,Долженко л.4.
test1461.png,с материалами
test1462.png,гражданского дела
test1464.png,прошу разрешения
test1465.png,сделать
test1467.png,28 декабря 2006г.
test1468.png,Прередатель суда
test1469.png,В 1942г
test147.png,осуществляется
test1471.png,переводом
test1472.png,медицинского
test1473.png,Прошу оказать
test1474.png,Заявление
test1477.png,Стипендию получаю
test1478.png,не налучаю
test148.png,через
test1481.png,факультета мгу
test1482.png,академику
test1483.png,Каредры зволочии
test1484.png,беспозвоночных
test1485.png,заявление
test1487.png,13.09.19
test1488.png,преобретен
test1489.png,Смартфон
test149.png,Имеем
test1490.png,по стоиности
test1491.png,школы 17
test1494.png,не сим карте
test1496.png,данных
test1497.png,телефон чист
test1498.png,как в нуля
test1499.png,27.09.19
test15.png,Обознаним
test150.png,линейных
test1500.png,телефон был сдан
test1501.png,проверку качества
test1503.png,пришло заключение
test1504.png,о том что дефект
test1505.png,обнаружен
test1506.png,В этот же день
test1507.png,при осмотре
test1508.png,консультантом
testt1508.png,магазина
test1509.png,дефект остался
test151.png,метод
test1510.png,Фанные есть
test1511.png,сразу же их нет.
test1513.png,В 1959 г.
testt1513.png,поступила на
test1515.png,ханидуплина 1.Ф
test1516.png,в отдел архитектуры
test1519.png,была произведена
test152.png,моделей
test1520.png,по терратории
test1521.png,по периметру
test1522.png,не верно
test1523.png,что обнарушилось
test1524.png,"факультет ДВГУ,"
test1527.png,не было
test1530.png,Заявление
test1531.png,Прошу уволишь
test1532.png,18.10.2018
test1533.png,Жалоба
test1534.png,на действия
test1535.png,закончила учебу
test1536.png,19.08.2018г.
test1539.png,Полиция в составе
test154.png,Тогда
test1541.png,сотрудники
test1544.png,принеть меды
test1545.png,студеит группы
test1546.png,Расписка.
test1547.png,в ДВГУ в 1964г
test1548.png,Объяснительное
test1549.png,Максимивой Т. В
test155.png,сверху
test1550.png,личности
test1551.png,настроение
test1552.png,большого количества
test1553.png,времени
test1558.png,По направлению
test1559.png,пришла
test156.png,оступами
test1560.png,Объяснительная
test1561.png,Начальнику
test1562.png,от инженера
test1563.png,15.09.03г
test1564.png,сильный туман
test1565.png,на улице был
test1566.png,автобус двигался
test1567.png,очень медленно
test1568.png,автобуса
test1569.png,государственной
test157.png,ерез
test1571.png,15105/3
test1572.png,Безбородов л.А.
test1573.png,объяснительная
test1574.png,сегодня
test1575.png,28.10.2016
test1576.png,занимался
test1577.png,в связи с чем
test1578.png,вышел из дома
test1579.png,опоздал на работу
test158.png,Линейная
test1580.png,по распределению
test1581.png,на 15 минут
test1583.png,опозданий и
test1584.png,с абсолютной
test1587.png,перед работой.
test1588.png,28.10.2016
test1589.png,Безбородов Л.А.
test159.png,вероятность
test1590.png,Объяснительная
test1591.png,спицалистов
test1592.png,месте
test1593.png,06.12.10
test1597.png,сказала
test1599.png,10.12.10
test16.png,рассмотрим
test160.png,степлой
test1600.png,предоставить
test1603.png,Аеще у
test1604.png,в гирм
test1605.png,С ноября 1966 года
test1606.png,по август 1968 года
test1607.png,не работала
test161.png,аддитивной
test162.png,был
test163.png,устойчивость
test164.png,абсолютно
test165.png,пусть
test166.png,первого
test167.png,схемой
test168.png,устойчива
test169.png,суммарную
test17.png,Предположим
test170.png,егрудно
test171.png,неч
test172.png,решил
test173.png,вопрос
test174.png,занетить
test175.png,хотя
test176.png,получаем
test177.png,задачи
test178.png,этого
test179.png,определим
test18.png,сверху
test180.png,найдем
test181.png,достаточно
test182.png,сти
test183.png,поскольку
test184.png,первую
test185.png,(результат
test186.png,предположим
test187.png,Анализ
test188.png,Заметим
test189.png,Алгоритм
test19.png,отождествлять с
test190.png,сходимость
test191.png,полушата
test192.png,любпе
test193.png,схема
test194.png,для
test195.png,Приведем
test196.png,этой
test197.png,реализации
test198.png,поэффициент
test199.png,изоморфизм
test2.png,оператор
test20.png,более челкие
test200.png,пропорциональности
test201.png,след
test202.png,узлы
test203.png,устойчивать
test204.png,экономичной
test205.png,каждом
test206.png,будем
test207.png,на
test208.png,говорить
test209.png,хотим
test21.png,нужно
test210.png,форма
test211.png,сравнивать
test212.png,заявление
test213.png,дом. тел. 53-48-82
test214.png,люб.: 375-44-794.
test215.png,расцепления
test216.png,15 мая
test217.png,"д.8, кв. 51"
test218.png,"""Горизонт"""
test219.png,Введём
test22.png,нормальной
test220.png,опрогоры
test221.png,устойчиво
test222.png,Равновеси
test223.png,она
test224.png,вдол
test225.png,может
test226.png,Ем
test227.png,положительная
test228.png,систена
test229.png,тастичности)
test23.png,они могут
test230.png,Однако
test231.png,если
test232.png,находитст
test233.png,Тензор:
test234.png,другой
test235.png,жестко-
test236.png,способ
test237.png,аналогично
test238.png,содержит
test239.png,разлагиется
test24.png,Авторизация
testt24.png,разрешение
test240.png,преобразования
test241.png,перехода
test242.png,ненулевой
test243.png,вид
test244.png,вектора
test245.png,макой
test246.png,замена
test247.png,матрица
test248.png,выразни
test249.png,имеет
test25.png,для проведения
test250.png,скаляр
test251.png,перейцем
test252.png,число
test253.png,тензор
test254.png,вектор
test255.png,результат
test256.png,ковектор
test257.png,выборка
test258.png,Ранг
test259.png,подстави
test26.png,нормальное
test260.png,тензора
test261.png,двух
test262.png,сеточная
test263.png,переменных
test264.png,функция
test265.png,сходится
test266.png,Безусловная
test267.png,Разностная
test268.png,погрешность
test269.png,апроксимации
test27.png,Покашем
test270.png,скема
test271.png,зависит
test272.png,потрежность
test273.png,Разностная
test274.png,схема
test275.png,Правый
test276.png,Оценим
test277.png,начислый
test278.png,получаем
test279.png,утолок
test28.png,на основании
test280.png,характеристика
test281.png,верхний
test282.png,Правый
test283.png,уголок
test284.png,схема
test285.png,рассматривать
test286.png,подставим
test287.png,разностную
test288.png,скему
test289.png,СЕТОЧНАЯ
test29.png,матрица
test290.png,будет
test291.png,область
test292.png,Мы
test293.png,норма
test294.png,проектирования
test295.png,ОПЕРАТОР
test296.png,сточная
test297.png,корма
test298.png,сомасована
test299.png,максимум
test3.png,Попробуем
test30.png,что
test300.png,проблема
test301.png,-норма
test302.png,сомасована
test303.png,Сеточная
test304.png,-норма
test305.png,что
test306.png,сходимость
test307.png,порядок
test308.png,задача
test309.png,апроксимация
test31.png,если
test310.png,имеет
test311.png,атроксимирует
test312.png,Теорема
test313.png,устойчива
test314.png,сходимости
test315.png,очевидно-
test316.png,Лекция
test317.png,2020
test318.png,прямоугольник
test319.png,рс
test32.png,собственный
test320.png,данным
test321.png,Ячейка
test322.png,что
test323.png,Р
test324.png,сетки.
test326.png,Примерг
test328.png,Пусть
test329.png,Условия
test33.png,Покажем
test330.png,для
test331.png,акт
test332.png,Если
test333.png,Устойчивость
test334.png,Если
test335.png,устойчивости
test336.png,Лемма
test337.png,кормальная
test338.png,05.11. 2020
test339.png,выполнено
test34.png,пересталовачи
test340.png,вычислений
test341.png,тогда
test342.png,"признак,"
test343.png,Если
test344.png,Тогда
test345.png,Методы
test346.png,15.10.2020
test347.png,Методы
test348.png,Лемма
test349.png,При
test35.png,новую
test350.png,Условие
test351.png,Условие
test352.png,Лекция
test353.png,Если
test354.png,если
test355.png,Трюк
test356.png,сценка
test357.png,если
test358.png,Методы
test359.png,разрешимости
test36.png,Условие
test360.png,условие
test361.png,место
test362.png,писет
test363.png,характеристик
test364.png,стема
test365.png,Неявная
test366.png,Лекция.
test367.png,Методы
test368.png,данные
test369.png,вычислений.
test37.png,можно
test370.png,схему
test371.png,публичное
test372.png,право
test373.png,особое
test374.png,касается
test375.png,недвижимость
test376.png,защита
test377.png,интеллектиальное
test378.png,объявление
test379.png,конституц
test38.png,полу
test380.png,право
test381.png,договорное
test382.png,контракты
test383.png,процессуальное
test384.png,законы
test385.png,миграционное
test386.png,300.000 (Триста Тысяч)
test387.png,долларов США
test388.png,избирательной
test389.png,10 сеюя 2016г.
test39.png,чили
test390.png,населения
test391.png,Численность
test394.png,городского округа
test395.png,округа Краснодара
test396.png,Благовищенск
test397.png,Чебоксары
test398.png,Чита
test399.png,Иркутск
test4.png,Определим
test40.png,говорить
test400.png,Кострома
test401.png,Красноярск
test402.png,Курск
test403.png,своими действитник
test404.png,приобретать.
test405.png,Иванов И.И.
test406.png,Михаил
test407.png,обязательства
test408.png,имущества
test41.png,дальнейших
test413.png,13 ноября 1992 года
test414.png,ЗЛ июня 2012 года
test415.png,советник
test416.png,защита
test417.png,ол. 0.1992
test418.png,кредит на
test42.png,исследований
test420.png,увеличить йлашу
test421.png,автомобиль
test422.png,йо собственному
test423.png,цена
test424.png,задержанный
test425.png,делать
test426.png,продажа
test427.png,сумма
test428.png,покупка
test429.png,получать
test43.png,надо
test430.png,недорогой
test431.png,примерная
test432.png,данном
test433.png,на
test434.png,луче
test435.png,встер
test436.png,поверкости
test437.png,задать
test438.png,можно
test439.png,круг
test44.png,Для
test440.png,определи
test441.png,скалярное
test442.png,поле
test443.png,жидность
test444.png,"пример,"
test445.png,на
test446.png,поле
test447.png,скоростей
test448.png,трудноцких
test449.png,высоты
test45.png,РАЗНОСТНАЯ
test450.png,однопараметрическое
test451.png,сеточная
test452.png,координата
test453.png,пом
test454.png,норма
test455.png,прямочтольнике
test456.png,сеток
test457.png,семейство
test458.png,примеры
test459.png,чуть
test46.png,СХЕМА
test460.png,схемо-
test461.png,лучь
test462.png,нумерация
test463.png,всем
test464.png,сетка
test465.png,функций
test466.png,векториая
test467.png,знаем
test468.png,четочном
test469.png,параметр
test47.png,УРАВНЕНИЕ
testt47.png,ДВИЖЕНИЯ
test470.png,иточных
test471.png,пространства
test472.png,свойствами
test473.png,векторная
test474.png,ячейка
test475.png,Вспомотательной
test476.png,проектирования
test477.png,РАВНОМЕРИАЯ
test478.png,погрешность
test479.png,норма
test48.png,функции
test480.png,нельзя
test481.png,по
test482.png,вложение
test483.png,Явная
test484.png,обладает
test485.png,решения
test486.png,проектировани
test487.png,"связь,"
test488.png,неявная
test489.png,входными
test49.png,явная схема
test490.png,схема
test491.png,этой
test492.png,умножать
test493.png,уголок
test494.png,есточной
test495.png,правый
test496.png,значениями
test497.png,функции
test498.png,хотим
test499.png,данными
test5.png,найти
test50.png,сдвиг
test500.png,УРАВНЕНИЕ
test501.png,верхний
test502.png,свести
test503.png,непрерывного
test504.png,РЕШЕНИЯ
test505.png,ошибка
test506.png,будем
test507.png,можно
test508.png,рассматривать
test509.png,движения
test51.png,неявная
test510.png,полу
test511.png,чили
test512.png,скалярное
test513.png,новую
test514.png,говорить
test515.png,оператор
test516.png,сетку
test517.png,это
test518.png,функция
test519.png,тождественный
test52.png,чисто
test521.png,элементов
test523.png,разный
test524.png,каждый
test525.png,сеточная
test526.png,сетка
test527.png,предполагаем
test528.png,Вид
test529.png,вполнено
test53.png,вопрос
test530.png,СТАНДАРТНЫЙ
test531.png,прямоугольнике
test533.png,Пусть
test534.png,пол
test535.png,далее
test536.png,Сеточное
test537.png,теперь
test538.png,апроклимация
test539.png,А
test54.png,значениями
test540.png,Безусловна:
test541.png,я
test542.png,объем
test543.png,Сеточная
test544.png,задача
test545.png,вектор
test546.png,Фаньше
test547.png,Хотим
test548.png,функцией
test549.png,состоят
test55.png,источной
test550.png,порядка
test551.png,отображение
test552.png,под
test553.png,говорить
test554.png,одних
test555.png,чех
test556.png,точки
test558.png,и
test559.png,сход
test56.png,нижний уголок
test560.png,понимали
test561.png,Будем
test562.png,эмеличов
test563.png,явная
test564.png,схена
test565.png,апрокшнируем
test566.png,схема
test567.png,что
test568.png,погрешность
test569.png,скемы
test57.png,условие
test570.png,условие
test572.png,двуслойной
test573.png,апроклимации
test574.png,первая
test575.png,форма
test576.png,канолическая
test577.png,разностной
test578.png,погрешность
test579.png,безусловно
test58.png,правпи
test580.png,Посмотрим
test581.png,апроксимирует
test582.png,апроисинации.
test583.png,ешь
test584.png,схема
test585.png,дан
test586.png,берусновная
test587.png,эквивалитность
test588.png,число
test589.png,вершен
test59.png,ряд
test590.png,рассмотрим
test591.png,за
test592.png,рёбер
test593.png,граней
test594.png,строна
test595.png,дискретный
test596.png,кривое
test597.png,число
test598.png,различных
test599.png,конечно
test6.png,будем
test60.png,аналог
test600.png,число
test601.png,кривая
test602.png,первая
test603.png,одному
test604.png,нах
test605.png,Есм
test606.png,кроме
test607.png,случает
test608.png,вторая
test609.png,случая.
test61.png,погрешность
test610.png,возможная
test611.png,текста
test612.png,Так
test613.png,самая
test614.png,Интунция.
test615.png,соомность
test616.png,сферу
test617.png,Гаусса
test618.png,сжатия
test619.png,отображается
test62.png,раскладывать
test620.png,мотоды
test621.png,точка
test622.png,оператор
test623.png,эллисс
test624.png,сложности
test625.png,пространство
test626.png,скоростей
test627.png,целия
test628.png,окрестность
test629.png,отображения
test63.png,будем
test630.png,"шар,"
test631.png,сфера
test632.png,точм
test633.png,множества
test634.png,этого
test635.png,функция
test636.png,Кодирования
test637.png,задачи
test638.png,расстояние
test639.png,кормы
test64.png,условия
test640.png,разные
test641.png,Крещение
test642.png,Выбор был.
test643.png,не существует
test644.png,система ля
test646.png,уже совершившее
test647.png,но не криминально
test648.png,свойства личности
test649.png,другими лицами
test65.png,обозначим
test650.png,Авторский
test651.png,с автором
test652.png,Суббота
test653.png,18.00 Олимпнада
test654.png,Далеко и навсида.
test655.png,Моя самая
test656.png,Страм ДДТ
test657.png,в стенах
test658.png,Свердловским
test659.png,"Я, Шахматова"
test66.png,функция
test660.png,в связи
test661.png,с рождением ребенка
test662.png,В 1968 году
test663.png,к своим
test664.png,родителям.
test665.png,С сентября 1968 года
test667.png,математики
test668.png,теоретической
test669.png,5 сентября 1969г.
test67.png,со значением
test671.png,педиатрического
test672.png,ангарскую
test673.png,детскую больницу
test674.png,Сабалина Ю. Е.
test675.png,Степанова Н.М.
test676.png,детская
test677.png,Атлашкина
test678.png,проходила учебную
test679.png,прахтику в
test68.png,есточная
test680.png,качестве Комощника
test681.png,интернет- оронда
test682.png,сестры
test683.png,городская
test685.png,За время
test686.png,ознакомилась
test687.png,с работой
test688.png,поликлишки
test689.png,показала
test69.png,схему
test690.png,себя
test691.png,а такгие
test692.png,получила
test693.png,углубила
test694.png,усовершенствовала
test695.png,свои
test696.png,знания
test697.png,в хоре
test698.png,работы
test699.png,выписывала
test7.png,доказать
test70.png,что
test700.png,направления
test701.png,залосила
test702.png,мед карту
test703.png,долларов
test704.png,больных
test705.png,проворила
test706.png,пакровов
test707.png,видимых
test708.png,"слизистых,"
test709.png,больных
test71.png,разностную
test710.png,претензии
test711.png,выполняла
test712.png,Проезд
test713.png,Суточняя
test714.png,тридцать
test715.png,Проживание
test716.png,Минск-Мошеев
test717.png,двадцать одна
test718.png,двести
test719.png,221000
test72.png,уголок
test720.png,тысячя
test721.png,рублей
test722.png,Свирской
test724.png,по ух. Водная
test725.png,"девятьсят,"
test727.png,ген очректор
test729.png,29. апреля 2006
test73.png,правый
test730.png,выгаи
test731.png,Зарутяинова С.П.
test732.png,Форя Фонце
test734.png,седам легковой
test735.png,Фиолетовый
test736.png,рублей
test737.png,авалийном сос-не цвет
test74.png,верхний
test740.png,фонать зад
test741.png,разбит
test742.png,Крышка болажн.
test743.png,Стекло зад
test744.png,наруш
test745.png,насполота
test746.png,Полка салона зад
test747.png,на лечение
test748.png,деформация
test749.png,камераза вида
test75.png,погрешность
test750.png,заглушка
test751.png,расколоты
test752.png,отсутствует
test753.png,22.09.76г.
test754.png,отрицкий
test755.png,На левом
test756.png,исьевое
test757.png,письмо
test759.png,конберт
test76.png,постановна
test760.png,протокол
test761.png,описание
test762.png,потокол
test763.png,Справка
test764.png,решение
test765.png,решение
test766.png,заявление
test767.png,уведомнике
test77.png,ошибка
test770.png,12 сентября ховьг.
test771.png,Начальнику
test772.png,Костареву АВ
test773.png,от Егоровой А.А
test774.png,прошивающей
test775.png,по адресу
test776.png,Заявление
test778.png,получила посылку
test779.png,2 июня 2018 года
test78.png,поле
test780.png,в отделении
test781.png,Футболке
test782.png,печты России
test783.png,Посылно находилась
test784.png,в коробке
test785.png,обклоёной
test786.png,скотчем
test789.png,140960
test79.png,задачи
test790.png,Внутри я обнарушился
test791.png,подранные почтовы
test792.png,Костюм спорт-
test793.png,упаковочные
test794.png,покусанные проруко
test795.png,похожие на следы
test796.png,присутствия
test797.png,Также в посылке
test798.png,было обнярушено
test799.png,зимл
test8.png,введем
test80.png,данные
test800.png,Прошу
test801.png,причину
testt801.png,произошедшего
test802.png,Посылка
test803.png,Футболке
test804.png,2/06/2018 г.
test805.png,Егорова 2 к
test806.png,Егоровой Александре
test807.png,Александровне
test808.png,За время
test809.png,педагогической
test81.png,теплопроводности
test810.png,практики
test811.png,Намалья
test812.png,высокий
testt812.png,теоретический
test813.png,подготовки
test814.png,футболке
test815.png,по русскому ярыку
test816.png,владение методикой
test817.png,преподавания этих
test818.png,предметов
test819.png,владеет навысами
test82.png,УРАВМЕНИЕ
test820.png,разработки
test821.png,разлечных выресантов
test822.png,урока
test823.png,способна
test825.png,Крепл.75 тт
test826.png,полеск
test827.png,оптимального
test828.png,отборе
test829.png,его содержание
test83.png,оценка
test831.png,свободно
test832.png,в современных
test833.png,концепциях
test834.png,заявления
test835.png,ксерокопия
test836.png,Лыжи
test837.png,и воспетание
test838.png,умеет
test839.png,методы
test84.png,схема
test840.png,приемы подачи
test841.png,учебного
test842.png,материала
test843.png,Студентка
test844.png,на своих уроках
test845.png,практиковала
test846.png,методы
test847.png,рять рублей
test848.png,что положительно
test849.png,сказывалось на
test85.png,ошибки
test850.png,отношений
test851.png,к изучаемому
test852.png,Константиновна
test853.png,старалась
test855.png,особенности детей
test856.png,создавать
test857.png,психологическую
test858.png,Белове О.А.
test859.png,на своих
test86.png,вероятность
test860.png,Отношения с детьми
test861.png,строила
test862.png,на основе уважения
test863.png,старалась
test864.png,детей
test865.png,поддерживать любой
test866.png,их успех
test87.png,Эллипе.
test871.png,отлично
test872.png,Привописание
test873.png,слов
test874.png,суффиклы
test875.png,П.С. Пумми
test876.png,Зимнее утро
test877.png,Александрова Виктора
test878.png,Анатерьевича
test879.png,Чуволиская Республика
test88.png,точек
test880.png,Петровой Ольге
test882.png,Небоксэрский
test883.png,89170640110
test884.png,Прошу отменить
test885.png,26.02.2018 года
test886.png,20.11.2017 году
test887.png,15.11.2017 года
test888.png,06.11.2017 года
test889.png,18810121180226992869
test89.png,значит
test890.png,18810121171 20969759
test891.png,18810121121115992242
test892.png,г. Перми
test893.png,18810121171106972617
test894.png,в связис тем
test895.png,что автомашина
test896.png,была продана
test897.png,сограниченной
test898.png,Транс ТехСервис
test899.png,на основании
test9.png,Пусть
test90.png,геаметрическое
test901.png,8170000210
test902.png,32 сентября 2017 года.
test904.png,Уплаченные мною
test905.png,деньги прошу
test906.png,вернуть на
test907.png,Александров
test908.png,Анатольевич
test909.png,40817810475041318063
test91.png,Длимы
test910.png,сборбыне
test911.png,3018183000000000029.
test912.png,инн 7707083893
test913.png,кпо 212902001.
test915.png,Александров В.
test916.png,Бубенцов А.В.
test917.png,01.08.2016
test918.png,ol 08.20.6.
test919.png,Ковалев А.М.
test92.png,содержащие
test920.png,01.08.2016
test921.png,Савченко П.В.
test922.png,01.08.2016
test923.png,Яповства
test924.png,01.08.2016
test925.png,ноябрь 2011 г.
test926.png,Болова Б.А
test927.png,01.08.2016
test929.png,Одна тысяча
test93.png,способ.
test930.png,Благотворительный
test931.png,Денисовой Ольге
test932.png,Две тысячи
test933.png,Алиевскмм.
test934.png,Вяземским РОВЪ
test935.png,паспорту
test936.png,с нахождением
test937.png,Блинов м. Ч.
test938.png,31.05.10
test939.png,Иванов Иван
test94.png,называется
test940.png,29.02.1901г.
test943.png,муж
test944.png,женать
test945.png,Весили Ивина
test946.png,ОЗАСС
testt946.png,гор. Мытийско
test948.png,ожез
test95.png,плоскости.
test953.png,обменом
test954.png,утратой
test955.png,31 февраля -02
test956.png,Ситоровой Марии
test957.png,Ивановны
test958.png,Староваева П.Т.
test959.png,"ул. Ленина, 10-10"
test96.png,место
test960.png,8701
test961.png,123456
test962.png,16.12.2002
test963.png,ЦВД С. Спетывкабе
test964.png,01.03.2006
test965.png,Сидорова
test966.png,ТОВАРНЫЙ
test967.png,Кассовый
test968.png,02.03.2006
test969.png,Лебедева И.А
test97.png,является
test970.png,02.03.2000
test972.png,5704
test973.png,570000
test974.png,05.04.1999г.
test975.png,ОВД Индустр. р-на
test976.png,г. Перми
test98.png,"кривая,"
test980.png,ноября
test981.png,ноябрь 2012 года
test982.png,03.11.2011г.
test983.png,Лебяниева ми
test984.png,1 класса
test985.png,Почта России
test986.png,Москва Смоленская
test987.png,"Москва,"
test988.png,просрочка сроков
test989.png,претензии
test99.png,все
test990.png,Причина
test991.png,Петров Иван
test992.png,выдам оВД
test993.png,28.09.2017г.
test994.png,из отделения
test996.png,121099
test997.png,Смоленская
test998.png,была отправлена
test999.png,посылка
testt1023.png,чеков
testt1027.png,связи
testt1059.png,Егор
testt1060.png,г. Кирова
testt1069.png,"четыре тысячи,"
testt1117.png,построенной
testt1118.png,был проведен
testt1121.png,проблемы
testt1133.png,предлитной
testt1183.png,область.
testt1184.png,октября
testt1209.png,Натальи
testt1211.png,района
testt1213.png,ноябрь
testt1218.png,Елена
testt1219.png,Ольга
testt1225.png,Не состоит
testt1236.png,иструборни
testt1244.png,средства
testt1250.png,проведения
testt1251.png,мероприятий
testt1254.png,формы
testt1256.png,классного
testt1257.png,проводила
testt1261.png,детей к
testt1264.png,субботников
testt1267.png,испольного
testt1271.png,журнала
testt1281.png,компании
testt1298.png,моего
testt1322.png,сберегательного
testt1348.png,отказано
testt1349.png,для голосования
testt1366.png,прокурору
testt1383.png,отметка
testt1384.png,порись на
testt1390.png,подделка
testt1395.png,освободить
testt658.png,РУВД
testt659.png,Мюдмила
testt677.png,Анастасия
testt681.png,"""Помоги. Орг"""
testt682.png,на базе
testt685.png,прохождения
testt692.png,одну тысячу
testt722.png,Елене Анатольевне
testt833.png,обучения
testt850.png,дешей
testt882.png,район.
testt884.png,постановления.
testt965.png,Петр
testtt1027.png,со мной
testtt1059.png,Влядимирович
testtt1118.png,анализ
testtt1183.png,Ирчутская
testtt1184.png,две тысячи
testtt1213.png,декабрь
testtt1218.png,Александровна
testtt1219.png,Владимировна
testtt1236.png,Иванович
testtt1261.png,общенияльным
testtt1267.png,петание
testtt1322.png,банка
testtt1348.png,в присутствии
testtt1395.png,меня от
testtt658.png,г. Иркутска
testtt659.png,"Андреевна,"
testtt677.png,Юрьевна
testtt692.png,девяносто)
testtt965.png,Васильевича
