"image","prediction"
"test0.png","ибо"
"test1.png","осталось"
"test10.png","посе,"
"test100.png","Оптическое"
"test1000.png","А класса."
"test1001.png","г. Ульяновск"
"test1002.png","На место"
"test1003.png","Петепер"
"test1004.png","назнячения"
"test1005.png","Отравление"
"test1006.png","было только"
"test1007.png","в.10. гон."
"test1008.png","просрочив все сроки."
"test1009.png","которые для"
"test101.png","тогда"
"test1010.png","отправления были"
"test1011.png","критичны."
"test1012.png","Просьба разобраться"
"test1013.png","в ситуацин,"
"test1014.png","Во.09. году,"
"test1015.png","дав обратную"
"test1016.png","связь,"
"test1017.png","А также"
"test1018.png","которые были,"
"test1019.png","оплачены за"
"test102.png","способ,"
"test1020.png","А классу"
"test1021.png","Данные по"
"test1023.png","Ксерокопия"
"test1024.png","приложит."
"test1025.png","водал оБа,"
"test1026.png","заявлению."
"test1027.png","Контакты для"
"test1028.png","Анна Сергеевия"
"test1029.png","7.10. год."
"test103.png","кучальник"
"test1030.png","Расписска"
"test1031.png","10 июна дочъ."
"test1032.png","Самкт-петербург.
test1033.png,Иванов гевал
test1034.png,15.02.1882.
test1035.png,роидения
test1036.png,19.10.
test1037.png,пасморт сения
test1039.png,18.03.2001 г.
test104.png,Многнество
test1040.png,но адресу,
test1041.png,деньш
test1042.png,Рублеет
test1043.png,18. Он. 1980.
test1044.png,распорт серня
test1045.png,зарелестрарован
test1046.png,і, севолвах,
test1047.png,делению сумму.
test1048.png,Гул свежина,
test1049.png,Вышецказанью,
test105.png,Касательная
test1050.png,рублест
test1051.png,Иванови. И
test1052.png,28. 11. 11
test1053.png,Алей
test1054.png,Бласкойские
test1055.png,обелх,
test1056.png,Киров
test1057.png,ноября2016
test1058.png,в размере 1334000
test1059.png,Васин
test106.png,Воссмотрим
test1060.png,бор тебиного
test1061.png,25.06.2015
test1063.png,Логикин Юрий
test1064.png,94
test1065.png,544 г N75
test1066.png,бово р-на
test1067.png,16.08.2004 г.
test1068.png,Киров.
test1069.png,тристы трудцать.
test107.png,Умре кто обибльное
test1070.png,Шкода Фабия
test1071.png,Паспорт
test1072.png,445 тысяч
test1073.png,Три жияги девятьсот
test1074.png,Доверенность
test1075.png,пасморт.
test1076.png,помер
test1077.png,выдан
test1078.png,отделением
test1079.png,по району
test108.png,Собьятые
test1080.png,рублей
test1081.png,Маскве
test1082.png,ная подражделения
test1083.png,проживаю
test1084.png,но адресу.
test1085.png,повартира
test1086.png,доверяю помрать.
test1087.png,отправления,
test1088.png,приходящие
test1089.png,на мое имя
test109.png,любое
test1090.png,но адресу,
test1091.png,В комстве задатка,
test1092.png,і. Москва,
test1093.png,127.52.
test1094.png,Ердан
test1095.png,Вы района
test1096.png,г. Москвы
test1097.png,ной подразцеления
test1098.png,проживающему
test1099.png,но адресу,
test11.png,новое
test110.png,Волос
test1100.png,25.01.2016.
test1101.png,3000 од.2013
test1102.png,сентябрь
test1103.png,за светомобиль
test1104.png,12.09.2013
test1105.png,12.09.2013
test1106.png,12.09.2015.
test1107.png,12.09.2013г.
test1108.png,30,09.2013.
test1109.png,12.09.20 р.
test111.png,Использование
test1110.png,За пернод практики
test1111.png,Ственко И. А.
test1115.png,с составленным
test1116.png,планом
test1117.png,На основе
test1118.png,людели
test1119.png,процессия
test112.png,непустое.
test1120.png,отреденены
test1121.png,существующие
test1122.png,и предложены
test1123.png,Методы
test1124.png,отлично
test1125.png,Автомобила,
test1126.png,менко В. А.
test1127.png,Савченко ле. А.
test1128.png,хорошо
test113.png,Метод.
test1130.png,отлично-
test1131.png,Информационная
test1132.png,эндреодинами ческого
test1133.png,Описания
test1137.png,на предприятий,
test1138.png,параметра
test1139.png,Формирование
test114.png,значего
test1140.png,И҆ речѐ гдⷭ҇ь ко а҆ве́сса
test1141.png,Аручинская
test1142.png,Вних техного им.
test1143.png,Дасписка.
test1144.png,яз марта Хоря.
test1145.png,1. Саикт Бетерды
test1146.png,Бугрова
test1147.png,сумму в срок.
test115.png,Кривок
test1150.png,21.07.2001.
test1152.png,Санкт Бетербур
test1153.png,пр. Просвещения
test1154.png,паспорт
test1155.png,40 об 9дя
test1156.png,ведал
test1158.png,Гро 30 июля 1890 года
test1159.png,Сайклі-Бемертурго
test116.png,Скучай
test1160.png,14.12. Хооз,
test1161.png,по адресу
test1162.png,Самб-Комербут
test1163.png,деньги в сумне,
test1164.png,Дво
test1165.png,лублей в счит.
test1166.png,стоимости квартиры
test1167.png,расположенной
test1168.png,азресу,
test1169.png,Не мая лоя,
test117.png,второго
test1170.png,Сошкій - Бешертуръ
test1171.png,но заговору,
test1172.png,Претещий не имею
test1173.png,23.03.Xо12,
test1174.png,Буркова в. г.
test1175.png,Михаилу
test1176.png,04.01. 1999 г.
test1177.png,16.12. 1999 г.
test1178.png,по оказанию
test1179.png,промышленными
test118.png,пространство
test1180.png,Иванов
test1181.png,в части увеличения
test1182.png,выпуска продукули
test1183.png,г. Иргутск
test1184.png,одинадцатого.
test1185.png,г. Гернутся
test1186.png,Иванову
test1187.png,Мамедов Р. г.
test1188.png,Мустафаева Р. И,
test1189.png,Максимов Ф. Н
test119.png,любой
test1190.png,Мамедов Д. Х.
test1191.png,1874 оч Nовъ
test1192.png,Мамедова А.І.
test1193.png,Мамедов дер
test1194.png,Якьяева о. А.
test1195.png,Якьяев, мя,
test1196.png,розбекова с.Б.
test1197.png,Абдуллаева С. Е.
test1198.png,чаталья
test1199.png,Заябление.
test12.png,разрешинос
test120.png,покажам
test1200.png,ододу. 16 т.
test1201.png,от услуг.
test1202.png,гор Омек
test1203.png,отка зываюсь,
test1204.png,адвонатов
test1205.png,свои!
test1206.png,Хросиц
test1207.png,Вас изьять дело
test1208.png,концю
test1209.png,Акачевой
test121.png,измершисть.
test1210.png,г. Барнаула
test1211.png,телезнодорожною,
test1212.png,15 сентября
test1213.png,октябрь
test1214.png,гдⷭ҇ь бг҃ъ тво́й обіг…
test1215.png,25 октября
test1216.png,Савилова
test1217.png,Абузова.
test1218.png,Шаталова
test1219.png,Обласова
test122.png,вопрос
test1220.png,Нашался Константиновна
test1221.png,проходила праконку.
test1222.png,В качестве
test1223.png,классного руководится я
test1224.png,в классе.
test1225.png,в браке!
test1226.png,лебоу.
test1227.png,Лицей
test1228.png,г. Барнауса
test1229.png,С первого дня,
test123.png,Зала
test1230.png,студенты удалось,
test1231.png,наладить.
test1232.png,доброжелательно-
test1233.png,требовательные
test1234.png,Наталья,
test1235.png,срок
test1236.png,Ивановыхъ
test1237.png,смогла
test1238.png,с детьми,
test1239.png,писахоломический
test124.png,Сделаем
test1240.png,индивидцально.
test1241.png,Ик
test1242.png,особенности
test1243.png,учитывая
test1244.png,индивидца мные.
test1245.png,воздействия
test1246.png,на каждого
test1248.png,члена детского
test1249.png,колястава
test125.png,приметеет
test1250.png,методиной.
test1251.png,воспитательных
test1252.png,уменши
test1253.png,использовать.
test1254.png,раснообразное.
test1255.png,работы
test1256.png,В качество
test1257.png,студентка
test1258.png,Откая объ
test1259.png,с угащимися,
test126.png,теореша
test1260.png,этийские беседы,
test1261.png,подготовку.
test1262.png,мероприетияли
test1263.png,проверяла
test1264.png,в организаций
test1265.png,дежитроть
test1266.png,по лицею,
test1267.png,в организации,
test1268.png,знакомилась,
test1269.png,улицком никовыхъ.
test127.png,плотность.
test1270.png,досументауни,
test1271.png,класского
test1273.png,планов.
test1274.png,Декомендую
test1275.png,Заречнева Сн.
test1276.png,Савилова И В
test1277.png,оценной.
test1279.png,для нунед
test128.png,Оставные
test1281.png,избирательной,
test1282.png,получил
test1283.png,Киселева В. А.
test1284.png,тристатная.
test1285.png,долгоров сгида
test1286.png,22.03.206 г.
test1287.png,Свистунов А.Г.)
test1288.png,за москва.
test1289.png,24. 11.08.
test129.png,свойства
test1290.png,гор. Вороние
test1291.png,Иванова
test1292.png,Сидорову
test1293.png,гор. Челябинск
test1294.png,Советская
test1295.png,Прошу вернуть
test1296.png,дежденные средства
test1297.png,перечисленные.
test1298.png,на помера
test1299.png,Сендекс-Кошелька
test13.png,15.09. 2020
test130.png,держицы
test1302.png,52373
test1303.png,19.08.20т 22
test1304.png,Взыстно под
test1305.png,Лебеденно Нена
test1306.png,выдан
test1307.png,Исторлю операция
test1308.png,и ретализащию по
test1309.png,ним предоставляю.
test131.png,Шейка
test1310.png,в распечатанном
test1311.png,виде
test1312.png,18 количестве
test1313.png,1864 год.
test1314.png,Детализация
test1315.png,но пахатну
test1316.png,незаконному
test1317.png,Более
test1318.png,изорормально мохно.
test1319.png,узнать у
test132.png,Линейное
test1320.png,Яндек деньги
test1322.png,Контроку
test1323.png,Столенское
test1324.png,залеститель.
test1327.png,г. Пенза
test1328.png,14 ноября 200 г
test133.png,сходинся
test1330.png,в размере
test1333.png,обезательств,
test1334.png,в договоре.
test1335.png,а именно.
test1336.png,Оз декабея 1928 г.
test1337.png,(условия поставки)
test1339.png,для зашеления
test134.png,Отидания
test1340.png,422 2033 833666669.
test1341.png,Вочостью годободучно-
test1342.png,302810ч 8 Наобавая
test1343.png,Оучестнѣ.
test1344.png,Добровь
test1345.png,Праводились
test1346.png,27.
test1347.png,т. Воронеж
test1348.png,мне было
test1349.png,В понещении
test135.png,стандарку завативш
test1350.png,Избиратольного
test1351.png,в нечестве лица,
test1352.png,режстраути в плестве.
test1353.png,Алматинская
test1354.png,В соствечные
test1355.png,Бандура Д. В.
test1357.png,Зачвление
test1358.png,разведена
test136.png,сходолость.
test1360.png,В городе
test1361.png,не управляя,
test1364.png,В данный момени,
test1365.png,Морозова
test1366.png,Генеральному
test1367.png,Роесибской
test1368.png,заявление
test1369.png,Березкин
test137.png,савин дажент
test1370.png,Об.02. 291.
test1371.png,мне стало.
test1373.png,представленый
test1374.png,на должить
test1375.png,Главы
test1376.png,докушенты,
test1377.png,Ганлева А. М.
test138.png,означает
test1380.png,Березкина
test1381.png,какундрета
test1382.png,На этом декуметах
test1383.png,имеется?
test1384.png,Бата и
test1386.png,Краме того,
test1387.png,13 ливаря ОПя -
test1388.png,в избирательной
test139.png,суммы
test1390.png,произвезена
test1392.png,Брошу Вас
test1393.png,оз древраля. Ты
test1394.png,Заявление
test1395.png,Прошу
test1396.png,должности.
test1397.png,посударственной
test1398.png,гражданской
test1399.png,службы
test14.png,оператор
test140.png,совокуютъ.
test1400.png,заместителя
test1401.png,Министра
test1402.png,Просрочкой
test1403.png,динансов.
test1404.png,Медведеву Д. А.
test1405.png,Саватючина А. Л.
test1409.png,Заявления.
test141.png,исповедуем
test1411.png,Уманцу о. А.
test1413.png,июля
test1414.png,Желательно
testt1414.png,во время,
test1415.png,предпольнительно!
test1416.png,Домолнительно сообщу
test1417.png,Даценко С. К.
test1418.png,В виду
test1419.png,по февраль 205г
test142.png,Рисперсия
test1423.png,Которому
test1424.png,Макарова
test1425.png,не выплачиваю.
testt1425.png,амменты
test1426.png,Прилагается
test1428.png,Ромина В. Я
test1429.png,Генеральному директору
test143.png,принцин
test1430.png,от ткача 5 разряда
test1431.png,об образовательных
test1432.png,программах,
test1433.png,П. М. Петровой
test1434.png,Платоновой В. А.
test1435.png,директора.
test1438.png,Заявление
test1439.png,должность инженера.
test144.png,собана
test1440.png,1 февраля 1865г
test1441.png,Заявление.
test1442.png,Сидоренко
test1443.png,прошу
test1444.png,Вас расторгнуть
test1445.png,договор.
test1446.png,и вернуть деньги
test1447.png,в мае1949 г
test1448.png,по Полюсу
test1449.png,транскортного
test145.png,порядок
test1450.png,средства
test1451.png,Причина
test1452.png,отказ
test1454.png,26.03.2013
test1455.png,Сидоренко св.
test1456.png,Прошу разжителия
test1457.png,Заявление
test1458.png,в семое
test1459.png,Каржава С. Н.
test146.png,равномерно
test1460.png,Долгсенко 1. У.
test1461.png,с натернаками
test1462.png,гражданского дела
test1464.png,прошу разрешения
test1465.png,сдекать
test1467.png,28 декабря чась.
test1468.png,Председатело суда
test1469.png,В949
test147.png,осуществения
test1471.png,переводом
test1472.png,медщинской
test1473.png,Прошу оказать
test1474.png,Заявление
test1477.png,Стипендию полугаю
test1478.png,не начугаю.
test148.png,через
test1481.png,бракультета мту
test1482.png,Скаделику
test1483.png,Каредны завлогий,
test1484.png,беспозвоночных
test1485.png,заявление
test1487.png,13.09.19
test1488.png,преобретен
test1489.png,Скартова
test149.png,Имеем
test1490.png,по сталности?
test1491.png,школы 17
test1494.png,на сим карте
test1496.png,данных
test1497.png,теподой чист,
test1498.png,как в нуля,
test1499.png,27.09.19
test15.png,обознами,
test150.png,линейных
test1500.png,телерон был сдан,
test1501.png,проверку качества,
test1503.png,пришло заключение,
test1504.png,о той что дежент
test1505.png,обнаружен,
test1506.png,В этот же день,
test1507.png,при оснотре
test1508.png,Кончультантом
testt1508.png,Могазина
test1509.png,дежент остался
test151.png,метъд
test1510.png,данные есть,
test1511.png,сразу же що нет
test1513.png,В195 г
testt1513.png,поступила на
test1515.png,Ханидуллина А. Ф.
test1516.png,в отдел серхитентурки
test1519.png,была произвезена
test152.png,люденей.
test1520.png,по терраторой
test1521.png,по переметру
test1522.png,не ворно
test1523.png,что обларушилось,
test1524.png,факультет Бату,
test1527.png,не было.
test1530.png,Иоя вление
test1531.png,Прошу уволишь
test1532.png,18.10.2018
test1533.png,Малоба
test1534.png,На действия
test1535.png,закончила учебу.
test1536.png,19.08.2018.
test1539.png,Полиция в составе
test154.png,Толда
test1541.png,Голгрудники
test1544.png,принеть меры.
test1545.png,студент групны
test1546.png,Расписка.
test1547.png,в двту в 1904г
test1548.png,Объястельная
test1549.png,Максимовой Т. В
test155.png,сверку
test1550.png,мичности.
test1551.png,настроения
test1552.png,большого комчества
test1553.png,времени
test1558.png,По направлению
test1559.png,пришла
test156.png,оступали
test1560.png,Объяснительная
test1561.png,Качальнику
test1562.png,от сенелера
test1563.png,15.09.03 г.
test1564.png,сильный туман,
test1565.png,на улице был,
test1566.png,завтобуч двигался,
test1567.png,Очень медленно
test1568.png,Автобуса
test1569.png,государственной
test157.png,срез
test1571.png,15/09/03
test1572.png,Безбородов л. А.
test1573.png,объяснительная
test1574.png,сегодня
test1575.png,28.10.2015.
test1576.png,занимался,
test1577.png,в связи с чем
test1578.png,вышел из дома.
test1579.png,опоздал на работу,
test158.png,Линейная
test1580.png,по распределению
test1581.png,на 15 минут.
test1583.png,опозданий и
test1584.png,с абсалютной
test1587.png,перед работой.
test1588.png,28.10.2016
test1589.png,Безбородов л. А.
test159.png,веротность.
test1590.png,Объяжительная
test1591.png,спещналистов
test1592.png,месте.
test1593.png,бг҃. 12.10.
test1597.png,сказала
test1599.png,40.12.10.
test16.png,рассмотрин
test160.png,скола
test1600.png,предоставить.
test1603.png,А елце у
test1604.png,в мірм
test1605.png,С ноября 1956 года
test1606.png,по август 1908 года.
test1607.png,не работала
test161.png,аддитивий
test162.png,был
test163.png,устойчивость.
test164.png,абсолютно-
test165.png,пусть
test166.png,первого
test167.png,скалой
test168.png,устойчива.
test169.png,суннарицю
test17.png,Предполошим
test170.png,егрудно
test171.png,нег…
test172.png,ремент
test173.png,вопрос
test174.png,занетесть
test175.png,хотя,
test176.png,получаем
test177.png,задали,
test178.png,этого
test179.png,определим
test18.png,Алерку
test180.png,найден
test181.png,достаточно-
test182.png,ости
test183.png,поскольну
test184.png,первую
test185.png,(результат
test186.png,предполочим.
test187.png,Аламу
test188.png,занетин,
test189.png,Алгорити
test19.png,отождествлять с
test190.png,Еходимать
test191.png,полушага
test192.png,любле
test193.png,сковеда
test194.png,Зля
test195.png,Приведен
test196.png,этой
test197.png,режизации
test198.png,коэффицлент!
test199.png,И занордизы,
test2.png,оператор
test20.png,балее мелкие.
test200.png,пропорулональноічи,
test201.png,спед
test202.png,чзлы
test203.png,устойчивось.
test204.png,Экононичной
test205.png,каждом
test206.png,Буден,
test207.png,на
test208.png,говоричь,
test209.png,хотим
test21.png,нужно
test210.png,форма.
test211.png,Сравостав-
test212.png,заявление
test213.png,дом. тел.53-48-82.
test214.png,Смоб.1375-44-794.
test215.png,И҆ речѐ гдⷭ҇ь къ мѡѷсе́ю:
test216.png,15 моя.
test217.png,д. 8, кв. 51.
test218.png,Горизонт
test219.png,Введелъ
test22.png,нормальной.
test220.png,И҆ речѐ гдⷭ҇ь ко мнѣ̀:
test221.png,устойчиво
test222.png,Равповели
test223.png,гоня
test224.png,вдок
test225.png,можит
test226.png,Ели
test227.png,погожительная
test228.png,систана
test229.png,таспичности,
test23.png,они могут
test230.png,Однако
test231.png,сем
test232.png,каходится
test233.png,Тензор:
test234.png,другой
test235.png,жестно-
test236.png,способ
test237.png,скольчикого
test238.png,содержит
test239.png,разганятся
test24.png,Авторизация
testt24.png,разремение
test240.png,преобразования
test241.png,перекода,
test242.png,ненулевой.
test243.png,вид
test244.png,вектора
test245.png,Макой
test246.png,залена.
test247.png,Матреца
test248.png,верцил
test249.png,шеет
test25.png,для проведения
test250.png,скалар
test251.png,перейдем
test252.png,чисю
test253.png,тензор
test254.png,вектор
test255.png,результат
test256.png,ковентор
test257.png,выборка
test258.png,Ранг
test259.png,подставит
test26.png,пормальная
test260.png,текзора.
test261.png,двух
test262.png,сеточная
test263.png,переменных
test264.png,Функулия
test265.png,сходится
test266.png,Бы́сть же мѡѷсе́й въ гаваѡ́нѣ:
test267.png,Разностная
test268.png,потремность
test269.png,отрокшимощий
test27.png,Покашем
test270.png,скема
test271.png,зависит
test272.png,погремность.
test273.png,Разностная
test274.png,скема
test275.png,Правый
test276.png,Оцения
test277.png,належный
test278.png,получаем
test279.png,уголок
test28.png,на оснований,
test280.png,Карактеристика
test281.png,Верхний
test282.png,Правый
test283.png,уголок
test284.png,скема
test285.png,Рассматривать
test286.png,подставили
test287.png,разностную
test288.png,скему
test289.png,Сеточная
test29.png,матрица
test290.png,будем
test291.png,область
test292.png,Мы
test293.png,норма.
test294.png,проєктирования
test295.png,Оператор
test296.png,сточная
test297.png,корма.
test298.png,сожасована
test299.png,Максимум
test3.png,По пробуем
test30.png,что
test300.png,проблема
test301.png,норма
test302.png,сожасована
test303.png,Сеточная
test304.png,норма
test305.png,что
test306.png,своемꙋ̀: что̀ сотворѝ
test307.png,горядок
test308.png,задача
test309.png,Атыроксимания
test31.png,если
test310.png,имеет
test311.png,отрокши руст.
test312.png,Теорема
test313.png,устойчива
test314.png,сходимости.
test315.png,Очевидка
test316.png,Лекция
test317.png,го.
test318.png,примофольшик
test319.png,Рс
test32.png,собственный
test320.png,данным
test321.png,Ачейка
test322.png,что
test323.png,АС
test324.png,сетку…
test326.png,Примерг
test328.png,Пусть
test329.png,Условал
test33.png,Покашем
test330.png,Зля
test331.png,Ракт
test332.png,Если
test333.png,Устойчивость
test334.png,Есак
test335.png,Устой чивости.
test336.png,Лемма
test337.png,пормальная
test338.png,Об. 11, гого
test339.png,выполкено
test34.png,перестанованны
test340.png,вычислений,
test341.png,тогда,
test342.png,празнак
test343.png,Если
test344.png,Тогда,
test345.png,Методы
test346.png,15.10. 20.
test347.png,Метовы
test348.png,Лемма
test349.png,При
test35.png,новую
test350.png,Усповил
test351.png,Усповина
test352.png,Лекция
test353.png,Если
test354.png,Если
test355.png,трюк
test356.png,оценка
test357.png,Если
test358.png,Мегоды
test359.png,разремимоет
test36.png,Условис
test360.png,условие
test361.png,место
test362.png,шисет
test363.png,- Карактеристика
test364.png,скема.
test365.png,Неявиная
test366.png,Лекция
test367.png,Методы
test368.png,данные.
test369.png,вычискений.
test37.png,можно
test370.png,схему
test371.png,публичное
test372.png,право
test373.png,особое!
test374.png,касается
test375.png,неозвижимость.
test376.png,защита
test377.png,интеллектуальное
test378.png,объявление
test379.png,Констинул
test38.png,полу.
test380.png,право
test381.png,договорное
test382.png,Контракты
test383.png,православное
test384.png,законы
test385.png,играмонное
test386.png,здороду (тристатния)
test387.png,1) долгоров сгиб
test388.png,избирательной,
test389.png,Югення бывъ.
test39.png,чили
test390.png,населения
test391.png,Численность
test394.png,городского округа
test395.png,округа Краснодара
test396.png,Благовиценск
test397.png,Чебоксары
test398.png,Чита
test399.png,Иркутск
test4.png,Опреденим
test40.png,говоричь.
test400.png,Кострома
test401.png,Краснаятск
test402.png,Курск
test403.png,своими действиями
test404.png,приобретать.
test405.png,Иванови. Им.
test406.png,Михаил.
test407.png,обязательства
test408.png,имущество
test41.png,Зальнейших
test413.png,Аз ноября ля92 года.
test414.png,За июня голя тода
test415.png,советник
test416.png,защита
test417.png,ол.голяго
test418.png,кредит на
test42.png,исполедований
test420.png,увеличить плату
test421.png,Свтомобиль
test422.png,по собственному
test423.png,цена,
test424.png,задержанный
test425.png,делать
test426.png,продажа
test427.png,сумма
test428.png,покупка
test429.png,получать.
test43.png,ладо,
test430.png,недорогой.
test431.png,примерная
test432.png,данной.
test433.png,на
test434.png,муче
test435.png,ветер
test436.png,поверности.
test437.png,задать.
test438.png,мошко
test439.png,круг
test44.png,Для
test440.png,опредении,
test441.png,скалярное
test442.png,поле
test443.png,неизность.
test444.png,принер,
test445.png,на
test446.png,поля,
test447.png,скоростей.
test448.png,трупанных
test449.png,высоты
test45.png,Разпостиная
test450.png,Одиопаранетрическое
test451.png,сеточкая
test452.png,Координата
test453.png,поля
test454.png,и орма
test455.png,прямочтольнике
test456.png,Сеток
test457.png,семейство
test458.png,примеры
test459.png,чуть
test46.png,Схена
test460.png,скемо
test461.png,лучь
test462.png,Мумерация
test463.png,всем
test464.png,Сетка
test465.png,бункуий
test466.png,Вектори́дя
test467.png,знаем.
test468.png,сеточном
test469.png,параметр
test47.png,Туравитись
testt47.png,Авижения
test470.png,сеточных
test471.png,прострашивал
test472.png,свойствами
test473.png,Векторная
test474.png,Ачейка
test475.png,вспонотачельной
test476.png,проєктирования
test477.png,Равно мериля
test478.png,погрешность.
test479.png,норма
test48.png,тункули
test480.png,кольза,
test481.png,по
test482.png,влохений,
test483.png,Явкая
test484.png,обладает
test485.png,Решения
test486.png,проєктированї-
test487.png,связь.
test488.png,неявида,
test489.png,входиыни,
test49.png,Явилая схенк
test490.png,скема
test491.png,этой
test492.png,Умножать
test493.png,чтолок
test494.png,сеточной
test495.png,правпа
test496.png,знанелиями
test497.png,Друпкули
test498.png,хотин
test499.png,далиыми,
test5.png,найти
test50.png,совиг
test500.png,Туравнение
test501.png,Серхиний
test502.png,свесчи,
test503.png,и епрерпвного
test504.png,Решения
test505.png,Пошибка
test506.png,буден,
test507.png,можно-
test508.png,Грассматривать
test509.png,движения
test51.png,не явида,
test510.png,полу.
test511.png,чили
test512.png,скаярное
test513.png,новую
test514.png,говорить
test515.png,операгор.
test516.png,сетку
test517.png,это
test518.png,Рункуля
test519.png,тождественный
test52.png,чисто
test521.png,эленеитов
test523.png,разглый
test524.png,каходый
test525.png,Сеточная
test526.png,Сетка
test527.png,предполагаем
test528.png,вид
test529.png,выролисно
test53.png,вопрос
test530.png,Стандартный
test531.png,прамочгольникє.
test533.png,Пусто
test534.png,поле,
test535.png,далее
test536.png,Сеточное
test537.png,Теперь
test538.png,апрокшинация
test539.png,а҃і
test54.png,Зимешани,
test540.png,безусловиа:
test541.png,-9
test542.png,Обчен,
test543.png,Сеточкол
test544.png,задма
test545.png,вектор
test546.png,Ральше
test547.png,Хотим
test548.png,Рункулей
test549.png,состоят
test55.png,сегочной
test550.png,порядка
test551.png,Сотобрашине
test552.png,под
test553.png,говоричь.
test554.png,одник
test555.png,тех
test556.png,тонка
test558.png,И
test559.png,сход
test56.png,пихний уголок.
test560.png,полинали
test561.png,Будем
test562.png,желинчов
test563.png,Явида
test564.png,скена
test565.png,Тапрокшнируссия
test566.png,скема
test567.png,что
test568.png,погреши очь
test569.png,скемы
test57.png,Условиє
test570.png,Усповиє.
test572.png,двуслойной
test573.png,А прокшй науши
test574.png,первая
test575.png,Форна
test576.png,Каконическая
test577.png,разностой
test578.png,погремновъ
test579.png,безусповно.
test58.png,правыи
test580.png,Посмотрин
test581.png,Апрокшнирует
test582.png,апроксинѹши.
test583.png,ешь
test584.png,Ехема
test585.png,дан
test586.png,безусповной
test587.png,живалентность.
test588.png,чисю
test589.png,вершен
test59.png,ря́д
test590.png,рассотри
test591.png,за
test592.png,рёбер
test593.png,гранят.
test594.png,строка
test595.png,Зискретный
test596.png,кривые
test597.png,чисю
test598.png,разгляжных
test599.png,налечно-
test6.png,Будем
test60.png,Аналог
test600.png,число
test601.png,кривья;
test602.png,первая
test603.png,одному
test604.png,как
test605.png,Если
test606.png,кровье
test607.png,лучай
test608.png,вторая
test609.png,случая:
test61.png,погрешность
test610.png,возмолина,
test611.png,текста
test612.png,Так
test613.png,самая
test614.png,Интунцык.
test615.png,ленность.
test616.png,сферу
test617.png,Гаусса
test618.png,статия
test619.png,отображается
test62.png,расиладывать.
test620.png,метобы
test621.png,тояна
test622.png,оператор
test623.png,Злинк
test624.png,сожности,
test625.png,пространство
test626.png,скоростей
test627.png,целая
test628.png,окрестность.
test629.png,отоб раженая
test63.png,бужи
test630.png,жар
test631.png,сфера.
test632.png,точш
test633.png,множество
test634.png,это
test635.png,Фулена,
test636.png,Кодирования
test637.png,задачи
test638.png,расстояния
test639.png,кормы
test64.png,Условия
test640.png,разите
test641.png,Крещение
test642.png,Выбор был
test643.png,не существует,
test644.png,сиспеча лі
test646.png,уже совершившее
test647.png,но не криминально
test648.png,свойства личности.
test649.png,другими лицами.
test65.png,обознашне
test650.png,Авторский
test651.png,с автором
test652.png,Суббота
test653.png,18. О Олимтада
test654.png,Далеко и навсида.
test655.png,Моя самая!
test656.png,Скраси Дот
test657.png,в степах,
test658.png,Свердловский
test659.png,Я, Шахматова
test66.png,Рункуля
test660.png,в связи
test661.png,с рождением ребенка,
test662.png,В 1908 году
test663.png,к своим
test664.png,родителям.
test665.png,С сентября 1908 года.
test667.png,Математики
test668.png,тебретической
test669.png,5 сейтября 1999 г
test67.png,со значением
test671.png,реднатрическаго
test672.png,Ангарскую
test673.png,детскую больницу.
test674.png,Собалина Ю. С.
test675.png,Степанова Н. М.
test676.png,детегкая
test677.png,Атлашкина
test678.png,пропадила учебную
test679.png,практику в
test68.png,сеточкая
test680.png,качевстве Комощника
test681.png,митернет - фоида
test682.png,сестры.
test683.png,горберская
test685.png,За время
test686.png,ознакомилась,
test687.png,с работой
test688.png,поликлишики
test689.png,показала
test69.png,скену
test690.png,себя
test691.png,а такгие
test692.png,получила
test693.png,углубила.
test694.png,Гусовершенствовала
test695.png,свои
test696.png,знания
test697.png,в поде
test698.png,работы
test699.png,выписывала
test7.png,доказать
test70.png,что
test700.png,направления
test701.png,залосила.
test702.png,мер карту
test703.png,долгаров
test704.png,больных,
test705.png,праворила.
test706.png,Какровов
test707.png,судимых.
test708.png,слезистые
test709.png,болоных.
test71.png,разлостную
test710.png,преженций
test711.png,выполня на
test712.png,Проезд
test713.png,Сутбукая
test714.png,тридцать
test715.png,Проживанце.
test716.png,Минск-Мошкев-
test717.png,двадцать одна,
test718.png,двести
test719.png,2200
test72.png,чтолок
test720.png,тысяча
test721.png,рублей
test722.png,Свирской
test724.png,но ух. Водная
test725.png,девятьскат
test727.png,чен окректор,
test729.png,29 апреля 2000
test73.png,правый
test730.png,верги
test731.png,Зыружинова С. Т.
test732.png,Роря Рокус
test734.png,седам легковой.
test735.png,Флоле товый
test736.png,рублей
test737.png,заватийном сос-не. Цвіт
test74.png,верхний,
test740.png,Фонарь заб.
test741.png,разбит
test742.png,Крышкой боличен.
test743.png,Степло зад
test744.png,наруш
test745.png,Касколота
test746.png,Полка салона заб
test747.png,на лечение
test748.png,беорормация
test749.png,Камера заб. вида
test75.png,потрешность.
test750.png,заглушка
test751.png,располоты
test752.png,отсутствует
test753.png,89.09. Ты
test754.png,отрицает
test755.png,На левом;
test756.png,исковое
test757.png,писано
test759.png,Хонверт
test76.png,постановила
test760.png,прокол
test761.png,описати
test762.png,протокол
test763.png,Спревка
test764.png,решение
test765.png,решение
test766.png,забевление
test767.png,уводоліниш,
test77.png,Ошибка
test770.png,12 сентября Хоов г.
test771.png,Начальники
test772.png,Когдареву Ав
test773.png,от Егоровой АА
test774.png,проживающий
test775.png,По адрегу
test776.png,Заявление
test778.png,получила посылка
test779.png,12 июня Холя года
test78.png,поса,
test780.png,В отделений
test781.png,Бутбаска
test782.png,почты Россий
test783.png,Посылка находилась
test784.png,в коробке.
test785.png,от клесной
test786.png,скотчем
test789.png,190 д60
test79.png,задачи,
test790.png,Внутри я обкарушила
test791.png,подранные почтовы
test792.png,Костюн споля
test793.png,Урановочные
test794.png,покусанные продуют
test795.png,пожие на следы.
test796.png,присутствия;
test797.png,Также в посылке!
test798.png,было обидрушен,
test799.png,зелеля
test8.png,выден
test80.png,данные
test800.png,Прошу
test801.png,причишу
testt801.png,прощатершего
test802.png,Полыпка
test803.png,Дутбалк
test804.png,2/06) ко18г.
test805.png,Егоровья в к
test806.png,Егоровой Александре
test807.png,Александровне
test808.png,За время
test809.png,педаютческой
test81.png,Петлопроводноєм
test810.png,пракшики
test811.png,Нашалья
test812.png,высолені
testt812.png,теореплеческой
test813.png,подготовки
test814.png,Футбалка
test815.png,но русскому езыку.
test816.png,владение методикой
test817.png,преподавания этих
test818.png,предметов.
test819.png,владет навыгами
test82.png,Урависние
test820.png,разгаботку
test821.png,размечных варшантов
test822.png,урока
test823.png,способна
test825.png,Урепи К тт.
test826.png,поеск
test827.png,оптимаевного
test828.png,опебора
test829.png,его содержания
test83.png,буденка
test831.png,свободно
test832.png,в современных
test833.png,конценщиях
test834.png,Заявления
test835.png,переконня
test836.png,Лунки
test837.png,и воспитания
test838.png,ушей
test839.png,методы
test84.png,скема
test840.png,приемы подачи
test841.png,Учебного
test842.png,Материала
test843.png,Студеника
test844.png,на своих уроках.
test845.png,пракошковала
test846.png,методы.
test847.png,Грязъ. Кубнеет
test848.png,что положительно
test849.png,сказывалось на
test85.png,ошибки
test850.png,Отналений
test851.png,к изучаемому
test852.png,Константиновна
test853.png,старалась.
test855.png,особенности демей,
test856.png,создавать
test857.png,психолопическую
test858.png,Белове о. А.
test859.png,на своих
test86.png,веронткость.
test860.png,Отношения с детьем
test861.png,стройла
test862.png,на основе уважения
test863.png,Старалась
test864.png,детей,
test865.png,подвержать любой
test866.png,их успех
test87.png,Зллипе.
test871.png,Отемчно,
test872.png,Правосласние
test873.png,слов
test874.png,Суфорикен
test875.png,А. С. Пушкин,
test876.png,зимнее утро.
test877.png,Александрова Виктора
test878.png,Анаторывича
test879.png,Чувалиская Республика
test88.png,томек
test880.png,Петровой Ольге
test882.png,небексорский
test883.png,899 годаю
test884.png,Прошу отменить
test885.png,26.02.2018 года
test886.png,20. 11.2017 году.
test887.png,1511.2017 года
test888.png,Об. 11.2017 года
test889.png,(1881 глагья. 869.
test89.png,зночит
test890.png,1881 люби́тисъ.
test891.png,1881 гизну брагу.
test892.png,г. Перша
test893.png,мꙋ годиморовъ.
test894.png,в связи с тем
test895.png,что автомашена
test896.png,Вила продана
test897.png,сыраниченной
test898.png,ТранстехСердинъ
test899.png,на оснований,
test9.png,Пусть
test90.png,Семетринское
test901.png,1817000 согло-
test902.png,яя сентября 2011 года.
test904.png,Уплаченные мною
test905.png,деньги прошу!
test906.png,Бернуть на
test907.png,Александров
test908.png,Анатольевич
test909.png,родіѧ окобочіз11ов3.
test91.png,Длимы
test910.png,сбербанк
test911.png,Воідія Осафасься.
test912.png,иннтютовз 1893.
test913.png,кого 21года.
test915.png,Алмандров В N.
test916.png,Бубенцов А. В
test917.png,01.08.2016
test918.png,О! Об.2016.
test919.png,Ковалёв А.М.
test92.png,Содержащие
test920.png,Огня. Она,
test921.png,Савченко А. В.
test922.png,бг҃одно.
test923.png,Яковства
test924.png,благов.
test925.png,ноябрь 2011 г.
test926.png,Болова б.А
test927.png,01.08.2016
test929.png,Одна тысяча
test93.png,способ.
test930.png,Благотворительный
test931.png,Денисовой Ольге
test932.png,Две тисячи
test933.png,Алиеводи.
test934.png,Везелеским рово
test935.png,распору
test936.png,с нахошедением
test937.png,Блинов М. У.
test938.png,31.05.10
test939.png,Иванов сквольно-
test94.png,называется
test940.png,292 год
test943.png,луж
test944.png,женат.
test945.png,Верина Чивине
test946.png,ОЗагс
testt946.png,гор. Титиш
test948.png,опец
test95.png,плоскости.
test953.png,обненом.
test954.png,утратой
test955.png,31 февраля.02.
test956.png,Силоровой Марик
test957.png,Ивановны
test958.png,Еарваева П. Т.
test959.png,ул. Ленина, ло-ло
test96.png,место
test960.png,сꙋтол
test961.png,лазнбе,
test962.png,ль.12. 2002
test963.png,Убу взытатырская
test964.png,блазловь.
test965.png,Сидорова
test966.png,Товарный
test967.png,Рассовый
test968.png,блазоводь
test969.png,Лебадева Исл.
test97.png,является,
test970.png,было зач҇. Он.
test972.png,574
test973.png,500
test974.png,Об. Ой, 1999.
test975.png,Окъ Индустрі р-на
test976.png,г. Перми
test98.png,кривая,
test980.png,ноября.
test981.png,ноябрь 2011 года.
test982.png,03. 11. 2011.
test983.png,Лебянсева Ми
test984.png,Украсса
test985.png,Постя Россий
test986.png,Мосива, Смоленская
test987.png,Москва
test988.png,просрочка сроков;
test989.png,претейзки
test99.png,все
test990.png,Причина
test991.png,Петров Иван
test992.png,ведал оба
test993.png,28.09.2017г.
test994.png,из отделения
test996.png,12/0995
test997.png,Смолейская
test998.png,была отправлена,
test999.png,постина,
testt1023.png,чеков
testt1027.png,связи
testt1059.png,Егор
testt1060.png,кирова.
testt1069.png,четыре тысячи,
testt1117.png,построенной
testt1118.png,был проведен,
testt1121.png,преблемы
testt1133.png,предметной.
testt1183.png,область
testt1184.png,Октября
testt1209.png,Натальи
testt1211.png,брайона
testt1213.png,ноябрь
testt1218.png,Елена
testt1219.png,Ольга
testt1225.png,роспила (по оу҆ставлему заминого ст҃ающе.
testt1236.png,борис
testt1244.png,средствя
testt1250.png,проведения
testt1251.png,мироприятий,
testt1254.png,Форны
testt1256.png,классной
testt1257.png,проводила.
testt1261.png,детей к
testt1264.png,субботников;
testt1267.png,школьного
testt1271.png,журкала
testt1281.png,Компаний
testt1298.png,моего
testt1322.png,сберегательного
testt1348.png,отказано
testt1349.png,для голосования
testt1366.png,прокуразу
testt1383.png,А обшетка.
testt1384.png,пунись на
testt1390.png,подделка
testt1395.png,освободить.
testt658.png,Ру80
testt659.png,Людмила
testt677.png,Анастассия
testt681.png,Помогие. Орг
testt682.png,на базе
testt685.png,прохождения
testt692.png,одну тысячу
testt722.png,Елене Акатальевне
testt833.png,обучения
testt850.png,дений.
testt882.png,район.
testt884.png,постановления:
testt965.png,Пето
testtt1027.png,со мной
testtt1059.png,Бладимирович
testtt1118.png,сыному
testtt1183.png,Прутская
testtt1184.png,ды тысячны
testtt1213.png,декабрь
testtt1218.png,Александровна
testtt1219.png,Владимировка
testtt1236.png,Иванович
testtt1261.png,общемкольные
testtt1267.png,постануя
testtt1322.png,батка
testtt1348.png,Е присутствоил
testtt1395.png,меня от
testtt658.png,г. Иркутска
testtt659.png,Андреевна
testtt677.png,Юрьевка
testtt692.png,девяносто.
testtt965.png,Васильевича
"
